,Unnamed: 0,status,reason,sourceSelectionTime,executionTime,runtime,numASKQueries,numSolutions,numAssignments,tpwss,query,workload,approach,run
0,0.0,ok,,0,26.34549140930176,26.34549140930176,0,0,0,0,q01a,rdfs,Fuseki,1
0,0.0,ok,,0,19.49477195739746,19.49477195739746,0,0,0,0,q01a,rdfs,Fuseki,2
0,0.0,ok,,0,25.97260475158692,25.97260475158692,0,0,0,0,q01a,rdfs,Fuseki,3
0,0.0,ok,,0,32.85694122314453,32.85694122314453,0,0,0,0,q01b,rdfs,Fuseki,1
0,0.0,ok,,0,24.128437042236328,24.128437042236328,0,0,0,0,q01b,rdfs,Fuseki,2
0,0.0,ok,,0,16.32833480834961,16.32833480834961,0,0,0,0,q01b,rdfs,Fuseki,3
0,0.0,ok,,0,21.66032791137696,21.66032791137696,0,0,0,0,q01c,rdfs,Fuseki,1
0,0.0,ok,,0,25.28834342956543,25.28834342956543,0,0,0,0,q01c,rdfs,Fuseki,2
0,0.0,ok,,0,37.11724281311035,37.11724281311035,0,0,0,0,q01c,rdfs,Fuseki,3
0,0.0,ok,,0,35.02631187438965,35.02631187438965,0,0,0,0,q01d,rdfs,Fuseki,1
0,0.0,ok,,0,46.41294479370117,46.41294479370117,0,0,0,0,q01d,rdfs,Fuseki,2
0,0.0,ok,,0,35.36343574523926,35.36343574523926,0,0,0,0,q01d,rdfs,Fuseki,3
0,0.0,ok,,0,20.450353622436523,20.450353622436523,0,0,0,0,q01e,rdfs,Fuseki,1
0,0.0,ok,,0,25.669336318969727,25.669336318969727,0,0,0,0,q01e,rdfs,Fuseki,2
0,0.0,ok,,0,22.679567337036133,22.679567337036133,0,0,0,0,q01e,rdfs,Fuseki,3
0,0.0,ok,,0,26.77130699157715,26.77130699157715,0,0,0,0,q01f,rdfs,Fuseki,1
0,0.0,ok,,0,31.782865524291992,31.782865524291992,0,0,0,0,q01f,rdfs,Fuseki,2
0,0.0,ok,,0,30.79509735107422,30.79509735107422,0,0,0,0,q01f,rdfs,Fuseki,3
0,0.0,ok,,0,32.355308532714844,32.355308532714844,0,0,0,0,q01g,rdfs,Fuseki,1
0,0.0,ok,,0,63.27986717224121,63.27986717224121,0,0,0,0,q01g,rdfs,Fuseki,2
0,0.0,ok,,0,24.33180809020996,24.33180809020996,0,0,0,0,q01g,rdfs,Fuseki,3
0,0.0,ok,,0,31.363725662231445,31.363725662231445,0,0,0,0,q01h,rdfs,Fuseki,1
0,0.0,ok,,0,24.88112449645996,24.88112449645996,0,0,0,0,q01h,rdfs,Fuseki,2
0,0.0,ok,,0,35.721778869628906,35.721778869628906,0,0,0,0,q01h,rdfs,Fuseki,3
0,0.0,ok,,0,50.08649826049805,50.08649826049805,0,0,0,0,q01i,rdfs,Fuseki,1
0,0.0,ok,,0,21.08287811279297,21.08287811279297,0,0,0,0,q01i,rdfs,Fuseki,2
0,0.0,ok,,0,33.26892852783203,33.26892852783203,0,0,0,0,q01i,rdfs,Fuseki,3
0,0.0,ok,,0,27.999162673950195,27.999162673950195,0,0,0,0,q01j,rdfs,Fuseki,1
0,0.0,ok,,0,25.39372444152832,25.39372444152832,0,0,0,0,q01j,rdfs,Fuseki,2
0,0.0,ok,,0,36.5753173828125,36.5753173828125,0,0,0,0,q01j,rdfs,Fuseki,3
0,0.0,ok,,0,43.457746505737305,43.457746505737305,0,0,0,0,q02a,rdfs,Fuseki,1
0,0.0,ok,,0,43.891191482543945,43.891191482543945,0,0,0,0,q02a,rdfs,Fuseki,2
0,0.0,ok,,0,37.45532035827637,37.45532035827637,0,0,0,0,q02a,rdfs,Fuseki,3
0,0.0,ok,,0,92.34166145324708,92.34166145324708,0,0,0,0,q02b,rdfs,Fuseki,1
0,0.0,ok,,0,67.0616626739502,67.0616626739502,0,0,0,0,q02b,rdfs,Fuseki,2
0,0.0,ok,,0,96.33493423461914,96.33493423461914,0,0,0,0,q02b,rdfs,Fuseki,3
0,0.0,ok,,0,43.53642463684082,43.53642463684082,0,0,0,0,q02c,rdfs,Fuseki,1
0,0.0,ok,,0,115.76652526855467,115.76652526855467,0,0,0,0,q02c,rdfs,Fuseki,2
0,0.0,ok,,0,38.27261924743652,38.27261924743652,0,0,0,0,q02c,rdfs,Fuseki,3
0,0.0,ok,,0,39.72959518432617,39.72959518432617,0,0,0,0,q02d,rdfs,Fuseki,1
0,0.0,ok,,0,53.99680137634277,53.99680137634277,0,0,0,0,q02d,rdfs,Fuseki,2
0,0.0,ok,,0,120.94473838806152,120.94473838806152,0,0,0,0,q02d,rdfs,Fuseki,3
0,0.0,ok,,0,39.301395416259766,39.301395416259766,0,0,0,0,q02e,rdfs,Fuseki,1
0,0.0,ok,,0,31.422138214111328,31.422138214111328,0,0,0,0,q02e,rdfs,Fuseki,2
0,0.0,ok,,0,42.22321510314941,42.22321510314941,0,0,0,0,q02e,rdfs,Fuseki,3
0,0.0,ok,,0,78.93705368041992,78.93705368041992,0,0,0,0,q02f,rdfs,Fuseki,1
0,0.0,ok,,0,74.2640495300293,74.2640495300293,0,0,0,0,q02f,rdfs,Fuseki,2
0,0.0,ok,,0,46.08964920043945,46.08964920043945,0,0,0,0,q02f,rdfs,Fuseki,3
0,0.0,ok,,0,24.36375617980957,24.36375617980957,0,0,0,0,q02g,rdfs,Fuseki,1
0,0.0,ok,,0,30.748367309570312,30.748367309570312,0,0,0,0,q02g,rdfs,Fuseki,2
0,0.0,ok,,0,41.4280891418457,41.4280891418457,0,0,0,0,q02g,rdfs,Fuseki,3
0,0.0,ok,,0,35.535335540771484,35.535335540771484,0,0,0,0,q02h,rdfs,Fuseki,1
0,0.0,ok,,0,36.32187843322754,36.32187843322754,0,0,0,0,q02h,rdfs,Fuseki,2
0,0.0,ok,,0,43.82014274597168,43.82014274597168,0,0,0,0,q02h,rdfs,Fuseki,3
0,0.0,ok,,0,32.863616943359375,32.863616943359375,0,0,0,0,q02i,rdfs,Fuseki,1
0,0.0,ok,,0,29.53338623046875,29.53338623046875,0,0,0,0,q02i,rdfs,Fuseki,2
0,0.0,ok,,0,34.80792045593262,34.80792045593262,0,0,0,0,q02i,rdfs,Fuseki,3
0,0.0,ok,,0,77.6972770690918,77.6972770690918,0,0,0,0,q02j,rdfs,Fuseki,1
0,0.0,ok,,0,36.48471832275391,36.48471832275391,0,0,0,0,q02j,rdfs,Fuseki,2
0,0.0,ok,,0,52.19650268554688,52.19650268554688,0,0,0,0,q02j,rdfs,Fuseki,3
0,0.0,ok,,0,37.27579116821289,37.27579116821289,0,0,0,0,q03a,rdfs,Fuseki,1
0,0.0,ok,,0,37.097930908203125,37.097930908203125,0,0,0,0,q03a,rdfs,Fuseki,2
0,0.0,ok,,0,44.4035530090332,44.4035530090332,0,0,0,0,q03a,rdfs,Fuseki,3
0,0.0,ok,,0,31.525373458862305,31.525373458862305,0,0,0,0,q03b,rdfs,Fuseki,1
0,0.0,ok,,0,55.95278739929199,55.95278739929199,0,0,0,0,q03b,rdfs,Fuseki,2
0,0.0,ok,,0,34.03043746948242,34.03043746948242,0,0,0,0,q03b,rdfs,Fuseki,3
0,0.0,ok,,0,22.82905578613281,22.82905578613281,0,0,0,0,q03c,rdfs,Fuseki,1
0,0.0,ok,,0,43.80154609680176,43.80154609680176,0,0,0,0,q03c,rdfs,Fuseki,2
0,0.0,ok,,0,28.72467041015625,28.72467041015625,0,0,0,0,q03c,rdfs,Fuseki,3
0,0.0,ok,,0,44.98934745788574,44.98934745788574,0,0,0,0,q03d,rdfs,Fuseki,1
0,0.0,ok,,0,58.27546119689941,58.27546119689941,0,0,0,0,q03d,rdfs,Fuseki,2
0,0.0,ok,,0,47.280311584472656,47.280311584472656,0,0,0,0,q03d,rdfs,Fuseki,3
0,0.0,ok,,0,42.4339771270752,42.4339771270752,0,0,0,0,q03e,rdfs,Fuseki,1
0,0.0,ok,,0,37.49346733093262,37.49346733093262,0,0,0,0,q03e,rdfs,Fuseki,2
0,0.0,ok,,0,28.71108055114746,28.71108055114746,0,0,0,0,q03e,rdfs,Fuseki,3
0,0.0,ok,,0,31.12435340881348,31.12435340881348,0,0,0,0,q03f,rdfs,Fuseki,1
0,0.0,ok,,0,38.231611251831055,38.231611251831055,0,0,0,0,q03f,rdfs,Fuseki,2
0,0.0,ok,,0,30.27129173278809,30.27129173278809,0,0,0,0,q03f,rdfs,Fuseki,3
0,0.0,ok,,0,31.23760223388672,31.23760223388672,0,0,0,0,q03g,rdfs,Fuseki,1
0,0.0,ok,,0,34.87491607666016,34.87491607666016,0,0,0,0,q03g,rdfs,Fuseki,2
0,0.0,ok,,0,34.64031219482422,34.64031219482422,0,0,0,0,q03g,rdfs,Fuseki,3
0,0.0,ok,,0,36.809682846069336,36.809682846069336,0,0,0,0,q03h,rdfs,Fuseki,1
0,0.0,ok,,0,29.242515563964844,29.242515563964844,0,0,0,0,q03h,rdfs,Fuseki,2
0,0.0,ok,,0,21.91615104675293,21.91615104675293,0,0,0,0,q03h,rdfs,Fuseki,3
0,0.0,ok,,0,44.03400421142578,44.03400421142578,0,0,0,0,q03i,rdfs,Fuseki,1
0,0.0,ok,,0,67.5201416015625,67.5201416015625,0,0,0,0,q03i,rdfs,Fuseki,2
0,0.0,ok,,0,32.663583755493164,32.663583755493164,0,0,0,0,q03i,rdfs,Fuseki,3
0,0.0,ok,,0,120.72587013244627,120.72587013244627,0,0,0,0,q03j,rdfs,Fuseki,1
0,0.0,ok,,0,112.2915744781494,112.2915744781494,0,0,0,0,q03j,rdfs,Fuseki,2
0,0.0,ok,,0,105.70240020751952,105.70240020751952,0,0,0,0,q03j,rdfs,Fuseki,3
0,0.0,ok,,0,54.25906181335449,54.25906181335449,0,0,0,0,q04a,rdfs,Fuseki,1
0,0.0,ok,,0,49.77536201477051,49.77536201477051,0,0,0,0,q04a,rdfs,Fuseki,2
0,0.0,ok,,0,60.23073196411133,60.23073196411133,0,0,0,0,q04a,rdfs,Fuseki,3
0,0.0,ok,,0,40.87042808532715,40.87042808532715,0,0,0,0,q04b,rdfs,Fuseki,1
0,0.0,ok,,0,60.41312217712402,60.41312217712402,0,0,0,0,q04b,rdfs,Fuseki,2
0,0.0,ok,,0,98.222017288208,98.222017288208,0,0,0,0,q04b,rdfs,Fuseki,3
0,0.0,ok,,0,43.23577880859375,43.23577880859375,0,0,0,0,q04c,rdfs,Fuseki,1
0,0.0,ok,,0,40.54737091064453,40.54737091064453,0,0,0,0,q04c,rdfs,Fuseki,2
0,0.0,ok,,0,67.48151779174805,67.48151779174805,0,0,0,0,q04c,rdfs,Fuseki,3
0,0.0,ok,,0,97.69129753112792,97.69129753112792,0,0,0,0,q04d,rdfs,Fuseki,1
0,0.0,ok,,0,52.46686935424805,52.46686935424805,0,0,0,0,q04d,rdfs,Fuseki,2
0,0.0,ok,,0,76.74932479858398,76.74932479858398,0,0,0,0,q04d,rdfs,Fuseki,3
0,0.0,ok,,0,74.94711875915527,74.94711875915527,0,0,0,0,q04e,rdfs,Fuseki,1
0,0.0,ok,,0,36.85092926025391,36.85092926025391,0,0,0,0,q04e,rdfs,Fuseki,2
0,0.0,ok,,0,105.23295402526855,105.23295402526855,0,0,0,0,q04e,rdfs,Fuseki,3
0,0.0,ok,,0,90.75403213500977,90.75403213500977,0,0,0,0,q04f,rdfs,Fuseki,1
0,0.0,ok,,0,116.94502830505373,116.94502830505373,0,0,0,0,q04f,rdfs,Fuseki,2
0,0.0,ok,,0,120.98550796508788,120.98550796508788,0,0,0,0,q04f,rdfs,Fuseki,3
0,0.0,ok,,0,98.88839721679688,98.88839721679688,0,0,0,0,q04g,rdfs,Fuseki,1
0,0.0,ok,,0,87.66484260559082,87.66484260559082,0,0,0,0,q04g,rdfs,Fuseki,2
0,0.0,ok,,0,127.04944610595705,127.04944610595705,0,0,0,0,q04g,rdfs,Fuseki,3
0,0.0,ok,,0,86.57145500183105,86.57145500183105,0,0,0,0,q04h,rdfs,Fuseki,1
0,0.0,ok,,0,133.13007354736328,133.13007354736328,0,0,0,0,q04h,rdfs,Fuseki,2
0,0.0,ok,,0,70.3887939453125,70.3887939453125,0,0,0,0,q04h,rdfs,Fuseki,3
0,0.0,ok,,0,180.0243854522705,180.0243854522705,0,0,0,0,q04i,rdfs,Fuseki,1
0,0.0,ok,,0,252.64906883239743,252.64906883239743,0,0,0,0,q04i,rdfs,Fuseki,2
0,0.0,ok,,0,157.40561485290527,157.40561485290527,0,0,0,0,q04i,rdfs,Fuseki,3
0,0.0,ok,,0,39.8249626159668,39.8249626159668,0,0,0,0,q04j,rdfs,Fuseki,1
0,0.0,ok,,0,61.52820587158203,61.52820587158203,0,0,0,0,q04j,rdfs,Fuseki,2
0,0.0,ok,,0,45.14575004577637,45.14575004577637,0,0,0,0,q04j,rdfs,Fuseki,3
0,0.0,ok,,0,49.23701286315918,49.23701286315918,0,0,0,0,q05a,rdfs,Fuseki,1
0,0.0,ok,,0,77.86369323730469,77.86369323730469,0,0,0,0,q05a,rdfs,Fuseki,2
0,0.0,ok,,0,81.59422874450684,81.59422874450684,0,0,0,0,q05a,rdfs,Fuseki,3
0,0.0,ok,,0,69.05937194824219,69.05937194824219,0,0,0,0,q05b,rdfs,Fuseki,1
0,0.0,ok,,0,66.2989616394043,66.2989616394043,0,0,0,0,q05b,rdfs,Fuseki,2
0,0.0,ok,,0,87.61835098266602,87.61835098266602,0,0,0,0,q05b,rdfs,Fuseki,3
0,0.0,ok,,0,104.23707962036131,104.23707962036131,0,0,0,0,q05c,rdfs,Fuseki,1
0,0.0,ok,,0,59.525251388549805,59.525251388549805,0,0,0,0,q05c,rdfs,Fuseki,2
0,0.0,ok,,0,64.76521492004395,64.76521492004395,0,0,0,0,q05c,rdfs,Fuseki,3
0,0.0,ok,,0,28.006792068481445,28.006792068481445,0,0,0,0,q05d,rdfs,Fuseki,1
0,0.0,ok,,0,60.18853187561035,60.18853187561035,0,0,0,0,q05d,rdfs,Fuseki,2
0,0.0,ok,,0,33.80632400512695,33.80632400512695,0,0,0,0,q05d,rdfs,Fuseki,3
0,0.0,ok,,0,87.98837661743164,87.98837661743164,0,0,0,0,q05e,rdfs,Fuseki,1
0,0.0,ok,,0,81.02774620056152,81.02774620056152,0,0,0,0,q05e,rdfs,Fuseki,2
0,0.0,ok,,0,61.99121475219727,61.99121475219727,0,0,0,0,q05e,rdfs,Fuseki,3
0,0.0,ok,,0,32.28402137756348,32.28402137756348,0,0,0,0,q05f,rdfs,Fuseki,1
0,0.0,ok,,0,35.324811935424805,35.324811935424805,0,0,0,0,q05f,rdfs,Fuseki,2
0,0.0,ok,,0,37.99629211425781,37.99629211425781,0,0,0,0,q05f,rdfs,Fuseki,3
0,0.0,ok,,0,25.823116302490234,25.823116302490234,0,0,0,0,q05g,rdfs,Fuseki,1
0,0.0,ok,,0,82.63611793518066,82.63611793518066,0,0,0,0,q05g,rdfs,Fuseki,2
0,0.0,ok,,0,34.23476219177246,34.23476219177246,0,0,0,0,q05g,rdfs,Fuseki,3
0,0.0,ok,,0,34.210920333862305,34.210920333862305,0,0,0,0,q05h,rdfs,Fuseki,1
0,0.0,ok,,0,26.40557289123535,26.40557289123535,0,0,0,0,q05h,rdfs,Fuseki,2
0,0.0,ok,,0,54.03780937194824,54.03780937194824,0,0,0,0,q05h,rdfs,Fuseki,3
0,0.0,ok,,0,56.59818649291992,56.59818649291992,0,0,0,0,q05i,rdfs,Fuseki,1
0,0.0,ok,,0,42.75870323181152,42.75870323181152,0,0,0,0,q05i,rdfs,Fuseki,2
0,0.0,ok,,0,40.22026062011719,40.22026062011719,0,0,0,0,q05i,rdfs,Fuseki,3
0,0.0,ok,,0,368.1161403656006,368.1161403656006,0,0,0,0,q05j,rdfs,Fuseki,1
0,0.0,ok,,0,98.541259765625,98.541259765625,0,0,0,0,q05j,rdfs,Fuseki,2
0,0.0,ok,,0,73.84371757507324,73.84371757507324,0,0,0,0,q05j,rdfs,Fuseki,3
0,0.0,ok,,0,68.11976432800293,68.11976432800293,0,0,0,0,q06a,rdfs,Fuseki,1
0,0.0,ok,,0,81.0391902923584,81.0391902923584,0,0,0,0,q06a,rdfs,Fuseki,2
0,0.0,ok,,0,79.01120185852051,79.01120185852051,0,0,0,0,q06a,rdfs,Fuseki,3
0,0.0,ok,,0,82.82089233398438,82.82089233398438,0,0,0,0,q06b,rdfs,Fuseki,1
0,0.0,ok,,0,33.02168846130371,33.02168846130371,0,0,0,0,q06b,rdfs,Fuseki,2
0,0.0,ok,,0,575.103759765625,575.103759765625,0,0,0,0,q06b,rdfs,Fuseki,3
0,0.0,ok,,0,21.52419090270996,21.52419090270996,0,0,0,0,q06c,rdfs,Fuseki,1
0,0.0,ok,,0,39.10470008850098,39.10470008850098,0,0,0,0,q06c,rdfs,Fuseki,2
0,0.0,ok,,0,38.35558891296387,38.35558891296387,0,0,0,0,q06c,rdfs,Fuseki,3
0,0.0,ok,,0,61.85340881347656,61.85340881347656,0,0,0,0,q06d,rdfs,Fuseki,1
0,0.0,ok,,0,70.03283500671387,70.03283500671387,0,0,0,0,q06d,rdfs,Fuseki,2
0,0.0,ok,,0,75.65665245056152,75.65665245056152,0,0,0,0,q06d,rdfs,Fuseki,3
0,0.0,ok,,0,42.63186454772949,42.63186454772949,0,0,0,0,q06e,rdfs,Fuseki,1
0,0.0,ok,,0,64.21065330505371,64.21065330505371,0,0,0,0,q06e,rdfs,Fuseki,2
0,0.0,ok,,0,83.72902870178223,83.72902870178223,0,0,0,0,q06e,rdfs,Fuseki,3
0,0.0,ok,,0,33.493995666503906,33.493995666503906,0,0,0,0,q06f,rdfs,Fuseki,1
0,0.0,ok,,0,20.59412002563477,20.59412002563477,0,0,0,0,q06f,rdfs,Fuseki,2
0,0.0,ok,,0,39.212942123413086,39.212942123413086,0,0,0,0,q06f,rdfs,Fuseki,3
0,0.0,ok,,0,88.4096622467041,88.4096622467041,0,0,0,0,q06g,rdfs,Fuseki,1
0,0.0,ok,,0,51.33891105651856,51.33891105651856,0,0,0,0,q06g,rdfs,Fuseki,2
0,0.0,ok,,0,37.245750427246094,37.245750427246094,0,0,0,0,q06g,rdfs,Fuseki,3
0,0.0,ok,,0,36.879539489746094,36.879539489746094,0,0,0,0,q06h,rdfs,Fuseki,1
0,0.0,ok,,0,43.87521743774414,43.87521743774414,0,0,0,0,q06h,rdfs,Fuseki,2
0,0.0,ok,,0,42.03248023986816,42.03248023986816,0,0,0,0,q06h,rdfs,Fuseki,3
0,0.0,ok,,0,56.2286376953125,56.2286376953125,0,0,0,0,q06i,rdfs,Fuseki,1
0,0.0,ok,,0,29.05583381652832,29.05583381652832,0,0,0,0,q06i,rdfs,Fuseki,2
0,0.0,ok,,0,44.94738578796387,44.94738578796387,0,0,0,0,q06i,rdfs,Fuseki,3
0,0.0,ok,,0,39.25061225891113,39.25061225891113,0,0,0,0,q06j,rdfs,Fuseki,1
0,0.0,ok,,0,30.69329261779785,30.69329261779785,0,0,0,0,q06j,rdfs,Fuseki,2
0,0.0,ok,,0,38.45572471618652,38.45572471618652,0,0,0,0,q06j,rdfs,Fuseki,3
0,0.0,ok,,0,31.42023086547852,31.42023086547852,0,0,0,0,q07a,rdfs,Fuseki,1
0,0.0,ok,,0,61.62309646606445,61.62309646606445,0,0,0,0,q07a,rdfs,Fuseki,2
0,0.0,ok,,0,24.852752685546875,24.852752685546875,0,0,0,0,q07a,rdfs,Fuseki,3
0,0.0,ok,,0,31.125545501708984,31.125545501708984,0,0,0,0,q07b,rdfs,Fuseki,1
0,0.0,ok,,0,37.91451454162598,37.91451454162598,0,0,0,0,q07b,rdfs,Fuseki,2
0,0.0,ok,,0,29.04629707336425,29.04629707336425,0,0,0,0,q07b,rdfs,Fuseki,3
0,0.0,ok,,0,21.04806900024414,21.04806900024414,0,0,0,0,q07c,rdfs,Fuseki,1
0,0.0,ok,,0,41.61524772644043,41.61524772644043,0,0,0,0,q07c,rdfs,Fuseki,2
0,0.0,ok,,0,57.495832443237305,57.495832443237305,0,0,0,0,q07c,rdfs,Fuseki,3
0,0.0,ok,,0,42.95825958251953,42.95825958251953,0,0,0,0,q07d,rdfs,Fuseki,1
0,0.0,ok,,0,53.32207679748535,53.32207679748535,0,0,0,0,q07d,rdfs,Fuseki,2
0,0.0,ok,,0,30.03120422363281,30.03120422363281,0,0,0,0,q07d,rdfs,Fuseki,3
0,0.0,ok,,0,18.40996742248535,18.40996742248535,0,0,0,0,q07e,rdfs,Fuseki,1
0,0.0,ok,,0,29.199838638305664,29.199838638305664,0,0,0,0,q07e,rdfs,Fuseki,2
0,0.0,ok,,0,27.866125106811523,27.866125106811523,0,0,0,0,q07e,rdfs,Fuseki,3
0,0.0,ok,,0,15.75303077697754,15.75303077697754,0,0,0,0,q07f,rdfs,Fuseki,1
0,0.0,ok,,0,24.857282638549805,24.857282638549805,0,0,0,0,q07f,rdfs,Fuseki,2
0,0.0,ok,,0,48.62022399902344,48.62022399902344,0,0,0,0,q07f,rdfs,Fuseki,3
0,0.0,ok,,0,58.612823486328125,58.612823486328125,0,0,0,0,q07g,rdfs,Fuseki,1
0,0.0,ok,,0,64.57853317260742,64.57853317260742,0,0,0,0,q07g,rdfs,Fuseki,2
0,0.0,ok,,0,72.54505157470703,72.54505157470703,0,0,0,0,q07g,rdfs,Fuseki,3
0,0.0,ok,,0,71.76470756530762,71.76470756530762,0,0,0,0,q07h,rdfs,Fuseki,1
0,0.0,ok,,0,83.24027061462402,83.24027061462402,0,0,0,0,q07h,rdfs,Fuseki,2
0,0.0,ok,,0,80.85846900939941,80.85846900939941,0,0,0,0,q07h,rdfs,Fuseki,3
0,0.0,ok,,0,50.83990097045898,50.83990097045898,0,0,0,0,q07i,rdfs,Fuseki,1
0,0.0,ok,,0,23.37026596069336,23.37026596069336,0,0,0,0,q07i,rdfs,Fuseki,2
0,0.0,ok,,0,30.655622482299805,30.655622482299805,0,0,0,0,q07i,rdfs,Fuseki,3
0,0.0,ok,,0,20.468950271606445,20.468950271606445,0,0,0,0,q07j,rdfs,Fuseki,1
0,0.0,ok,,0,37.48965263366699,37.48965263366699,0,0,0,0,q07j,rdfs,Fuseki,2
0,0.0,ok,,0,39.19839859008789,39.19839859008789,0,0,0,0,q07j,rdfs,Fuseki,3
0,0.0,ok,,0,22.142410278320312,22.142410278320312,0,0,0,0,q08a,rdfs,Fuseki,1
0,0.0,ok,,0,24.744272232055664,24.744272232055664,0,0,0,0,q08a,rdfs,Fuseki,2
0,0.0,ok,,0,19.49357986450196,19.49357986450196,0,0,0,0,q08a,rdfs,Fuseki,3
0,0.0,ok,,0,22.040605545043945,22.040605545043945,0,0,0,0,q08b,rdfs,Fuseki,1
0,0.0,ok,,0,17.597675323486328,17.597675323486328,0,0,0,0,q08b,rdfs,Fuseki,2
0,0.0,ok,,0,34.7440242767334,34.7440242767334,0,0,0,0,q08b,rdfs,Fuseki,3
0,0.0,ok,,0,15.886068344116213,15.886068344116213,0,0,0,0,q08c,rdfs,Fuseki,1
0,0.0,ok,,0,28.481483459472656,28.481483459472656,0,0,0,0,q08c,rdfs,Fuseki,2
0,0.0,ok,,0,36.89694404602051,36.89694404602051,0,0,0,0,q08c,rdfs,Fuseki,3
0,0.0,ok,,0,32.680511474609375,32.680511474609375,0,0,0,0,q08d,rdfs,Fuseki,1
0,0.0,ok,,0,18.98026466369629,18.98026466369629,0,0,0,0,q08d,rdfs,Fuseki,2
0,0.0,ok,,0,23.7119197845459,23.7119197845459,0,0,0,0,q08d,rdfs,Fuseki,3
0,0.0,ok,,0,35.50982475280762,35.50982475280762,0,0,0,0,q08e,rdfs,Fuseki,1
0,0.0,ok,,0,26.40390396118164,26.40390396118164,0,0,0,0,q08e,rdfs,Fuseki,2
0,0.0,ok,,0,31.125545501708984,31.125545501708984,0,0,0,0,q08e,rdfs,Fuseki,3
0,0.0,ok,,0,40.6794548034668,40.6794548034668,0,0,0,0,q08f,rdfs,Fuseki,1
0,0.0,ok,,0,41.71109199523926,41.71109199523926,0,0,0,0,q08f,rdfs,Fuseki,2
0,0.0,ok,,0,38.94209861755371,38.94209861755371,0,0,0,0,q08f,rdfs,Fuseki,3
0,0.0,ok,,0,29.105663299560547,29.105663299560547,0,0,0,0,q08g,rdfs,Fuseki,1
0,0.0,ok,,0,19.963979721069336,19.963979721069336,0,0,0,0,q08g,rdfs,Fuseki,2
0,0.0,ok,,0,28.129100799560547,28.129100799560547,0,0,0,0,q08g,rdfs,Fuseki,3
0,0.0,ok,,0,19.5913314819336,19.5913314819336,0,0,0,0,q08h,rdfs,Fuseki,1
0,0.0,ok,,0,18.97740364074707,18.97740364074707,0,0,0,0,q08h,rdfs,Fuseki,2
0,0.0,ok,,0,27.139663696289062,27.139663696289062,0,0,0,0,q08h,rdfs,Fuseki,3
0,0.0,ok,,0,28.890609741210938,28.890609741210938,0,0,0,0,q08i,rdfs,Fuseki,1
0,0.0,ok,,0,41.56923294067383,41.56923294067383,0,0,0,0,q08i,rdfs,Fuseki,2
0,0.0,ok,,0,24.27887916564941,24.27887916564941,0,0,0,0,q08i,rdfs,Fuseki,3
0,0.0,ok,,0,22.253751754760746,22.253751754760746,0,0,0,0,q08j,rdfs,Fuseki,1
0,0.0,ok,,0,22.67241477966309,22.67241477966309,0,0,0,0,q08j,rdfs,Fuseki,2
0,0.0,ok,,0,29.133081436157227,29.133081436157227,0,0,0,0,q08j,rdfs,Fuseki,3
0,0.0,ok,,0,26.7946720123291,26.7946720123291,0,0,0,0,q09a,rdfs,Fuseki,1
0,0.0,ok,,0,43.27654838562012,43.27654838562012,0,0,0,0,q09a,rdfs,Fuseki,2
0,0.0,ok,,0,53.78389358520508,53.78389358520508,0,0,0,0,q09a,rdfs,Fuseki,3
0,0.0,ok,,0,39.18099403381348,39.18099403381348,0,0,0,0,q09b,rdfs,Fuseki,1
0,0.0,ok,,0,34.91020202636719,34.91020202636719,0,0,0,0,q09b,rdfs,Fuseki,2
0,0.0,ok,,0,58.589935302734375,58.589935302734375,0,0,0,0,q09b,rdfs,Fuseki,3
0,0.0,ok,,0,29.5407772064209,29.5407772064209,0,0,0,0,q09c,rdfs,Fuseki,1
0,0.0,ok,,0,49.51024055480957,49.51024055480957,0,0,0,0,q09c,rdfs,Fuseki,2
0,0.0,ok,,0,45.97306251525879,45.97306251525879,0,0,0,0,q09c,rdfs,Fuseki,3
0,0.0,ok,,0,23.383617401123047,23.383617401123047,0,0,0,0,q09d,rdfs,Fuseki,1
0,0.0,ok,,0,34.204721450805664,34.204721450805664,0,0,0,0,q09d,rdfs,Fuseki,2
0,0.0,ok,,0,21.273136138916016,21.273136138916016,0,0,0,0,q09d,rdfs,Fuseki,3
0,0.0,ok,,0,35.08186340332031,35.08186340332031,0,0,0,0,q09e,rdfs,Fuseki,1
0,0.0,ok,,0,95.6113338470459,95.6113338470459,0,0,0,0,q09e,rdfs,Fuseki,2
0,0.0,ok,,0,36.52691841125488,36.52691841125488,0,0,0,0,q09e,rdfs,Fuseki,3
0,0.0,ok,,0,44.50416564941406,44.50416564941406,0,0,0,0,q09f,rdfs,Fuseki,1
0,0.0,ok,,0,31.36873245239257,31.36873245239257,0,0,0,0,q09f,rdfs,Fuseki,2
0,0.0,ok,,0,23.20122718811035,23.20122718811035,0,0,0,0,q09f,rdfs,Fuseki,3
0,0.0,ok,,0,34.05594825744629,34.05594825744629,0,0,0,0,q09g,rdfs,Fuseki,1
0,0.0,ok,,0,47.99389839172363,47.99389839172363,0,0,0,0,q09g,rdfs,Fuseki,2
0,0.0,ok,,0,23.37288856506348,23.37288856506348,0,0,0,0,q09g,rdfs,Fuseki,3
0,0.0,ok,,0,41.1529541015625,41.1529541015625,0,0,0,0,q09h,rdfs,Fuseki,1
0,0.0,ok,,0,35.559892654418945,35.559892654418945,0,0,0,0,q09h,rdfs,Fuseki,2
0,0.0,ok,,0,32.57131576538086,32.57131576538086,0,0,0,0,q09h,rdfs,Fuseki,3
0,0.0,ok,,0,42.24872589111328,42.24872589111328,0,0,0,0,q09i,rdfs,Fuseki,1
0,0.0,ok,,0,23.670196533203125,23.670196533203125,0,0,0,0,q09i,rdfs,Fuseki,2
0,0.0,ok,,0,34.81602668762207,34.81602668762207,0,0,0,0,q09i,rdfs,Fuseki,3
0,0.0,ok,,0,30.84707260131836,30.84707260131836,0,0,0,0,q09j,rdfs,Fuseki,1
0,0.0,ok,,0,26.053667068481445,26.053667068481445,0,0,0,0,q09j,rdfs,Fuseki,2
0,0.0,ok,,0,32.48143196105957,32.48143196105957,0,0,0,0,q09j,rdfs,Fuseki,3
0,0.0,ok,,0,49.18050765991211,49.18050765991211,0,0,0,0,q10a,rdfs,Fuseki,1
0,0.0,ok,,0,27.89163589477539,27.89163589477539,0,0,0,0,q10a,rdfs,Fuseki,2
0,0.0,ok,,0,43.8995361328125,43.8995361328125,0,0,0,0,q10a,rdfs,Fuseki,3
0,0.0,ok,,0,32.89055824279785,32.89055824279785,0,0,0,0,q10b,rdfs,Fuseki,1
0,0.0,ok,,0,32.64284133911133,32.64284133911133,0,0,0,0,q10b,rdfs,Fuseki,2
0,0.0,ok,,0,33.3404541015625,33.3404541015625,0,0,0,0,q10b,rdfs,Fuseki,3
0,0.0,ok,,0,37.2614860534668,37.2614860534668,0,0,0,0,q10c,rdfs,Fuseki,1
0,0.0,ok,,0,62.20674514770508,62.20674514770508,0,0,0,0,q10c,rdfs,Fuseki,2
0,0.0,ok,,0,51.7878532409668,51.7878532409668,0,0,0,0,q10c,rdfs,Fuseki,3
0,0.0,ok,,0,61.24138832092285,61.24138832092285,0,0,0,0,q10d,rdfs,Fuseki,1
0,0.0,ok,,0,64.46194648742676,64.46194648742676,0,0,0,0,q10d,rdfs,Fuseki,2
0,0.0,ok,,0,23.818016052246094,23.818016052246094,0,0,0,0,q10d,rdfs,Fuseki,3
0,0.0,ok,,0,66.27702713012695,66.27702713012695,0,0,0,0,q10e,rdfs,Fuseki,1
0,0.0,ok,,0,34.273386001586914,34.273386001586914,0,0,0,0,q10e,rdfs,Fuseki,2
0,0.0,ok,,0,23.05269241333008,23.05269241333008,0,0,0,0,q10e,rdfs,Fuseki,3
0,0.0,ok,,0,92.268705368042,92.268705368042,0,0,0,0,q10f,rdfs,Fuseki,1
0,0.0,ok,,0,41.55635833740234,41.55635833740234,0,0,0,0,q10f,rdfs,Fuseki,2
0,0.0,ok,,0,37.86277770996094,37.86277770996094,0,0,0,0,q10f,rdfs,Fuseki,3
0,0.0,ok,,0,49.58462715148926,49.58462715148926,0,0,0,0,q10g,rdfs,Fuseki,1
0,0.0,ok,,0,30.23409843444824,30.23409843444824,0,0,0,0,q10g,rdfs,Fuseki,2
0,0.0,ok,,0,43.69974136352539,43.69974136352539,0,0,0,0,q10g,rdfs,Fuseki,3
0,0.0,ok,,0,43.10107231140137,43.10107231140137,0,0,0,0,q10h,rdfs,Fuseki,1
0,0.0,ok,,0,44.13342475891113,44.13342475891113,0,0,0,0,q10h,rdfs,Fuseki,2
0,0.0,ok,,0,44.62194442749024,44.62194442749024,0,0,0,0,q10h,rdfs,Fuseki,3
0,0.0,ok,,0,75.72174072265625,75.72174072265625,0,0,0,0,q10i,rdfs,Fuseki,1
0,0.0,ok,,0,44.91376876831055,44.91376876831055,0,0,0,0,q10i,rdfs,Fuseki,2
0,0.0,ok,,0,35.398006439208984,35.398006439208984,0,0,0,0,q10i,rdfs,Fuseki,3
0,0.0,ok,,0,24.153709411621094,24.153709411621094,0,0,0,0,q10j,rdfs,Fuseki,1
0,0.0,ok,,0,53.80964279174805,53.80964279174805,0,0,0,0,q10j,rdfs,Fuseki,2
0,0.0,ok,,0,36.55338287353516,36.55338287353516,0,0,0,0,q10j,rdfs,Fuseki,3
0,0.0,ok,,0,50.27914047241211,50.27914047241211,0,0,0,0,q11a,rdfs,Fuseki,1
0,0.0,ok,,0,42.8314208984375,42.8314208984375,0,0,0,0,q11a,rdfs,Fuseki,2
0,0.0,ok,,0,36.52524948120117,36.52524948120117,0,0,0,0,q11a,rdfs,Fuseki,3
0,0.0,ok,,0,38.956642150878906,38.956642150878906,0,0,0,0,q11b,rdfs,Fuseki,1
0,0.0,ok,,0,24.361610412597656,24.361610412597656,0,0,0,0,q11b,rdfs,Fuseki,2
0,0.0,ok,,0,46.16951942443848,46.16951942443848,0,0,0,0,q11b,rdfs,Fuseki,3
0,0.0,ok,,0,39.76106643676758,39.76106643676758,0,0,0,0,q11c,rdfs,Fuseki,1
0,0.0,ok,,0,78.13906669616699,78.13906669616699,0,0,0,0,q11c,rdfs,Fuseki,2
0,0.0,ok,,0,33.20717811584473,33.20717811584473,0,0,0,0,q11c,rdfs,Fuseki,3
0,0.0,ok,,0,27.716875076293945,27.716875076293945,0,0,0,0,q11d,rdfs,Fuseki,1
0,0.0,ok,,0,30.854225158691406,30.854225158691406,0,0,0,0,q11d,rdfs,Fuseki,2
0,0.0,ok,,0,40.11034965515137,40.11034965515137,0,0,0,0,q11d,rdfs,Fuseki,3
0,0.0,ok,,0,58.3035945892334,58.3035945892334,0,0,0,0,q11e,rdfs,Fuseki,1
0,0.0,ok,,0,53.34162712097168,53.34162712097168,0,0,0,0,q11e,rdfs,Fuseki,2
0,0.0,ok,,0,33.03384780883789,33.03384780883789,0,0,0,0,q11e,rdfs,Fuseki,3
0,0.0,ok,,0,43.66040229797363,43.66040229797363,0,0,0,0,q11f,rdfs,Fuseki,1
0,0.0,ok,,0,57.54518508911133,57.54518508911133,0,0,0,0,q11f,rdfs,Fuseki,2
0,0.0,ok,,0,27.809858322143555,27.809858322143555,0,0,0,0,q11f,rdfs,Fuseki,3
0,0.0,ok,,0,39.15286064147949,39.15286064147949,0,0,0,0,q11g,rdfs,Fuseki,1
0,0.0,ok,,0,40.801286697387695,40.801286697387695,0,0,0,0,q11g,rdfs,Fuseki,2
0,0.0,ok,,0,28.514862060546875,28.514862060546875,0,0,0,0,q11g,rdfs,Fuseki,3
0,0.0,ok,,0,43.78628730773926,43.78628730773926,0,0,0,0,q11h,rdfs,Fuseki,1
0,0.0,ok,,0,28.45001220703125,28.45001220703125,0,0,0,0,q11h,rdfs,Fuseki,2
0,0.0,ok,,0,27.55594253540039,27.55594253540039,0,0,0,0,q11h,rdfs,Fuseki,3
0,0.0,ok,,0,26.22222900390625,26.22222900390625,0,0,0,0,q11i,rdfs,Fuseki,1
0,0.0,ok,,0,73.98033142089844,73.98033142089844,0,0,0,0,q11i,rdfs,Fuseki,2
0,0.0,ok,,0,30.34663200378418,30.34663200378418,0,0,0,0,q11i,rdfs,Fuseki,3
0,0.0,ok,,0,37.19305992126465,37.19305992126465,0,0,0,0,q11j,rdfs,Fuseki,1
0,0.0,ok,,0,40.44795036315918,40.44795036315918,0,0,0,0,q11j,rdfs,Fuseki,2
0,0.0,ok,,0,43.66421699523926,43.66421699523926,0,0,0,0,q11j,rdfs,Fuseki,3
0,0.0,ok,,0,42.45686531066895,42.45686531066895,0,0,0,0,q12a,rdfs,Fuseki,1
0,0.0,ok,,0,35.47978401184082,35.47978401184082,0,0,0,0,q12a,rdfs,Fuseki,2
0,0.0,ok,,0,42.62185096740723,42.62185096740723,0,0,0,0,q12a,rdfs,Fuseki,3
0,0.0,ok,,0,49.20506477355957,49.20506477355957,0,0,0,0,q12b,rdfs,Fuseki,1
0,0.0,ok,,0,35.33458709716797,35.33458709716797,0,0,0,0,q12b,rdfs,Fuseki,2
0,0.0,ok,,0,50.810813903808594,50.810813903808594,0,0,0,0,q12b,rdfs,Fuseki,3
0,0.0,ok,,0,24.999380111694336,24.999380111694336,0,0,0,0,q12c,rdfs,Fuseki,1
0,0.0,ok,,0,29.285430908203125,29.285430908203125,0,0,0,0,q12c,rdfs,Fuseki,2
0,0.0,ok,,0,48.95663261413574,48.95663261413574,0,0,0,0,q12c,rdfs,Fuseki,3
0,0.0,ok,,0,34.705400466918945,34.705400466918945,0,0,0,0,q12d,rdfs,Fuseki,1
0,0.0,ok,,0,60.64033508300781,60.64033508300781,0,0,0,0,q12d,rdfs,Fuseki,2
0,0.0,ok,,0,40.85135459899902,40.85135459899902,0,0,0,0,q12d,rdfs,Fuseki,3
0,0.0,ok,,0,96.00615501403809,96.00615501403809,0,0,0,0,q12e,rdfs,Fuseki,1
0,0.0,ok,,0,499.2077350616455,499.2077350616455,0,0,0,0,q12e,rdfs,Fuseki,2
0,0.0,ok,,0,56.909799575805664,56.909799575805664,0,0,0,0,q12e,rdfs,Fuseki,3
0,0.0,ok,,0,43.34878921508789,43.34878921508789,0,0,0,0,q12f,rdfs,Fuseki,1
0,0.0,ok,,0,33.94460678100586,33.94460678100586,0,0,0,0,q12f,rdfs,Fuseki,2
0,0.0,ok,,0,37.27340698242188,37.27340698242188,0,0,0,0,q12f,rdfs,Fuseki,3
0,0.0,ok,,0,44.40569877624512,44.40569877624512,0,0,0,0,q12g,rdfs,Fuseki,1
0,0.0,ok,,0,40.641069412231445,40.641069412231445,0,0,0,0,q12g,rdfs,Fuseki,2
0,0.0,ok,,0,78.37891578674316,78.37891578674316,0,0,0,0,q12g,rdfs,Fuseki,3
0,0.0,ok,,0,40.15183448791504,40.15183448791504,0,0,0,0,q12h,rdfs,Fuseki,1
0,0.0,ok,,0,27.409076690673828,27.409076690673828,0,0,0,0,q12h,rdfs,Fuseki,2
0,0.0,ok,,0,53.6952018737793,53.6952018737793,0,0,0,0,q12h,rdfs,Fuseki,3
0,0.0,ok,,0,49.77989196777344,49.77989196777344,0,0,0,0,q12i,rdfs,Fuseki,1
0,0.0,ok,,0,47.21379280090332,47.21379280090332,0,0,0,0,q12i,rdfs,Fuseki,2
0,0.0,ok,,0,42.50288009643555,42.50288009643555,0,0,0,0,q12i,rdfs,Fuseki,3
0,0.0,ok,,0,37.075042724609375,37.075042724609375,0,0,0,0,q12j,rdfs,Fuseki,1
0,0.0,ok,,0,64.19491767883301,64.19491767883301,0,0,0,0,q12j,rdfs,Fuseki,2
0,0.0,ok,,0,56.71310424804688,56.71310424804688,0,0,0,0,q12j,rdfs,Fuseki,3
0,,ok,,0,2248.0,2248.0,0,1,0,0,q01a,rdfs,FedX,1
0,,ok,,0,2095.0,2095.0,0,1,0,0,q01a,rdfs,FedX,2
0,,ok,,0,1932.0,1932.0,0,1,0,0,q01a,rdfs,FedX,3
0,,ok,,0,2175.0,2175.0,0,1,0,0,q01b,rdfs,FedX,1
0,,ok,,0,1640.0,1640.0,0,1,0,0,q01b,rdfs,FedX,2
0,,ok,,0,2121.0,2121.0,0,1,0,0,q01b,rdfs,FedX,3
0,,ok,,0,1770.0,1770.0,0,1,0,0,q01c,rdfs,FedX,1
0,,ok,,0,1711.0,1711.0,0,1,0,0,q01c,rdfs,FedX,2
0,,ok,,0,1714.0,1714.0,0,1,0,0,q01c,rdfs,FedX,3
0,,ok,,0,2104.0,2104.0,0,2,0,0,q01d,rdfs,FedX,1
0,,ok,,0,1737.0,1737.0,0,2,0,0,q01d,rdfs,FedX,2
0,,ok,,0,2161.0,2161.0,0,2,0,0,q01d,rdfs,FedX,3
0,,ok,,0,2248.0,2248.0,0,1,0,0,q01e,rdfs,FedX,1
0,,ok,,0,1699.0,1699.0,0,1,0,0,q01e,rdfs,FedX,2
0,,ok,,0,2022.0,2022.0,0,1,0,0,q01e,rdfs,FedX,3
0,,ok,,0,1764.0,1764.0,0,1,0,0,q01f,rdfs,FedX,1
0,,ok,,0,1898.0,1898.0,0,1,0,0,q01f,rdfs,FedX,2
0,,ok,,0,1979.0,1979.0,0,1,0,0,q01f,rdfs,FedX,3
0,,ok,,0,2168.0,2168.0,0,2,0,0,q01g,rdfs,FedX,1
0,,ok,,0,1781.0,1781.0,0,2,0,0,q01g,rdfs,FedX,2
0,,ok,,0,2472.0,2472.0,0,2,0,0,q01g,rdfs,FedX,3
0,,ok,,0,1808.0,1808.0,0,1,0,0,q01h,rdfs,FedX,1
0,,ok,,0,1931.0,1931.0,0,1,0,0,q01h,rdfs,FedX,2
0,,ok,,0,1728.0,1728.0,0,1,0,0,q01h,rdfs,FedX,3
0,,ok,,0,1820.0,1820.0,0,1,0,0,q01i,rdfs,FedX,1
0,,ok,,0,2053.0,2053.0,0,1,0,0,q01i,rdfs,FedX,2
0,,ok,,0,2171.0,2171.0,0,1,0,0,q01i,rdfs,FedX,3
0,,ok,,0,2224.0,2224.0,0,1,0,0,q01j,rdfs,FedX,1
0,,ok,,0,2320.0,2320.0,0,1,0,0,q01j,rdfs,FedX,2
0,,ok,,0,1709.0,1709.0,0,1,0,0,q01j,rdfs,FedX,3
0,,ok,,0,5223.0,5223.0,0,9,0,0,q02a,rdfs,FedX,1
0,,ok,,0,1863.0,1863.0,0,9,0,0,q02a,rdfs,FedX,2
0,,ok,,0,2070.0,2070.0,0,9,0,0,q02a,rdfs,FedX,3
0,,ok,,0,2030.0,2030.0,0,18,0,0,q02b,rdfs,FedX,1
0,,ok,,0,1564.0,1564.0,0,18,0,0,q02b,rdfs,FedX,2
0,,ok,,0,8948.0,8948.0,0,18,0,0,q02b,rdfs,FedX,3
0,,ok,,0,1812.0,1812.0,0,9,0,0,q02c,rdfs,FedX,1
0,,ok,,0,5176.0,5176.0,0,9,0,0,q02c,rdfs,FedX,2
0,,ok,,0,1808.0,1808.0,0,9,0,0,q02c,rdfs,FedX,3
0,,ok,,0,4032.0,4032.0,0,9,0,0,q02d,rdfs,FedX,1
0,,ok,,0,1949.0,1949.0,0,9,0,0,q02d,rdfs,FedX,2
0,,ok,,0,3635.0,3635.0,0,9,0,0,q02d,rdfs,FedX,3
0,,ok,,0,1700.0,1700.0,0,9,0,0,q02e,rdfs,FedX,1
0,,ok,,0,1880.0,1880.0,0,9,0,0,q02e,rdfs,FedX,2
0,,ok,,0,5299.0,5299.0,0,9,0,0,q02e,rdfs,FedX,3
0,,ok,,0,1716.0,1716.0,0,9,0,0,q02f,rdfs,FedX,1
0,,ok,,0,4927.0,4927.0,0,9,0,0,q02f,rdfs,FedX,2
0,,ok,,0,2006.0,2006.0,0,9,0,0,q02f,rdfs,FedX,3
0,,ok,,0,2019.0,2019.0,0,9,0,0,q02g,rdfs,FedX,1
0,,ok,,0,5213.0,5213.0,0,9,0,0,q02g,rdfs,FedX,2
0,,ok,,0,1813.0,1813.0,0,9,0,0,q02g,rdfs,FedX,3
0,,ok,,0,5201.0,5201.0,0,9,0,0,q02h,rdfs,FedX,1
0,,ok,,0,1579.0,1579.0,0,9,0,0,q02h,rdfs,FedX,2
0,,ok,,0,1604.0,1604.0,0,9,0,0,q02h,rdfs,FedX,3
0,,ok,,0,1898.0,1898.0,0,9,0,0,q02i,rdfs,FedX,1
0,,ok,,0,5039.0,5039.0,0,9,0,0,q02i,rdfs,FedX,2
0,,ok,,0,1676.0,1676.0,0,9,0,0,q02i,rdfs,FedX,3
0,,ok,,0,4729.0,4729.0,0,9,0,0,q02j,rdfs,FedX,1
0,,ok,,0,1713.0,1713.0,0,9,0,0,q02j,rdfs,FedX,2
0,,ok,,0,1754.0,1754.0,0,9,0,0,q02j,rdfs,FedX,3
0,,ok,,0,1741.0,1741.0,0,1,0,0,q03a,rdfs,FedX,1
0,,ok,,0,1879.0,1879.0,0,1,0,0,q03a,rdfs,FedX,2
0,,ok,,0,2163.0,2163.0,0,1,0,0,q03a,rdfs,FedX,3
0,,ok,,0,2413.0,2413.0,0,1,0,0,q03b,rdfs,FedX,1
0,,ok,,0,2090.0,2090.0,0,1,0,0,q03b,rdfs,FedX,2
0,,ok,,0,1634.0,1634.0,0,1,0,0,q03b,rdfs,FedX,3
0,,ok,,0,2235.0,2235.0,0,1,0,0,q03c,rdfs,FedX,1
0,,ok,,0,2439.0,2439.0,0,1,0,0,q03c,rdfs,FedX,2
0,,ok,,0,2326.0,2326.0,0,1,0,0,q03c,rdfs,FedX,3
0,,ok,,0,2063.0,2063.0,0,2,0,0,q03d,rdfs,FedX,1
0,,ok,,0,1939.0,1939.0,0,2,0,0,q03d,rdfs,FedX,2
0,,ok,,0,1743.0,1743.0,0,2,0,0,q03d,rdfs,FedX,3
0,,ok,,0,2154.0,2154.0,0,1,0,0,q03e,rdfs,FedX,1
0,,ok,,0,2215.0,2215.0,0,1,0,0,q03e,rdfs,FedX,2
0,,ok,,0,2226.0,2226.0,0,1,0,0,q03e,rdfs,FedX,3
0,,ok,,0,1547.0,1547.0,0,1,0,0,q03f,rdfs,FedX,1
0,,ok,,0,2092.0,2092.0,0,1,0,0,q03f,rdfs,FedX,2
0,,ok,,0,2115.0,2115.0,0,1,0,0,q03f,rdfs,FedX,3
0,,ok,,0,2237.0,2237.0,0,1,0,0,q03g,rdfs,FedX,1
0,,ok,,0,1741.0,1741.0,0,1,0,0,q03g,rdfs,FedX,2
0,,ok,,0,2191.0,2191.0,0,1,0,0,q03g,rdfs,FedX,3
0,,ok,,0,2214.0,2214.0,0,1,0,0,q03h,rdfs,FedX,1
0,,ok,,0,2150.0,2150.0,0,1,0,0,q03h,rdfs,FedX,2
0,,ok,,0,1797.0,1797.0,0,1,0,0,q03h,rdfs,FedX,3
0,,ok,,0,2065.0,2065.0,0,1,0,0,q03i,rdfs,FedX,1
0,,ok,,0,1946.0,1946.0,0,1,0,0,q03i,rdfs,FedX,2
0,,ok,,0,1779.0,1779.0,0,1,0,0,q03i,rdfs,FedX,3
0,,ok,,0,1887.0,1887.0,0,4,0,0,q03j,rdfs,FedX,1
0,,ok,,0,2683.0,2683.0,0,4,0,0,q03j,rdfs,FedX,2
0,,ok,,0,2457.0,2457.0,0,4,0,0,q03j,rdfs,FedX,3
0,,ok,,0,1914.0,1914.0,0,1,0,0,q04a,rdfs,FedX,1
0,,ok,,0,1927.0,1927.0,0,1,0,0,q04a,rdfs,FedX,2
0,,ok,,0,1906.0,1906.0,0,1,0,0,q04a,rdfs,FedX,3
0,,ok,,0,2001.0,2001.0,0,1,0,0,q04b,rdfs,FedX,1
0,,ok,,0,1793.0,1793.0,0,1,0,0,q04b,rdfs,FedX,2
0,,ok,,0,2279.0,2279.0,0,1,0,0,q04b,rdfs,FedX,3
0,,ok,,0,1725.0,1725.0,0,1,0,0,q04c,rdfs,FedX,1
0,,ok,,0,1880.0,1880.0,0,1,0,0,q04c,rdfs,FedX,2
0,,ok,,0,1839.0,1839.0,0,1,0,0,q04c,rdfs,FedX,3
0,,ok,,0,1786.0,1786.0,0,1,0,0,q04d,rdfs,FedX,1
0,,ok,,0,1832.0,1832.0,0,1,0,0,q04d,rdfs,FedX,2
0,,ok,,0,1828.0,1828.0,0,1,0,0,q04d,rdfs,FedX,3
0,,ok,,0,1811.0,1811.0,0,1,0,0,q04e,rdfs,FedX,1
0,,ok,,0,1718.0,1718.0,0,1,0,0,q04e,rdfs,FedX,2
0,,ok,,0,1766.0,1766.0,0,1,0,0,q04e,rdfs,FedX,3
0,,ok,,0,2111.0,2111.0,0,3,0,0,q04f,rdfs,FedX,1
0,,ok,,0,1990.0,1990.0,0,3,0,0,q04f,rdfs,FedX,2
0,,ok,,0,2063.0,2063.0,0,3,0,0,q04f,rdfs,FedX,3
0,,ok,,0,2025.0,2025.0,0,2,0,0,q04g,rdfs,FedX,1
0,,ok,,0,1886.0,1886.0,0,2,0,0,q04g,rdfs,FedX,2
0,,ok,,0,2190.0,2190.0,0,2,0,0,q04g,rdfs,FedX,3
0,,ok,,0,1657.0,1657.0,0,1,0,0,q04h,rdfs,FedX,1
0,,ok,,0,1867.0,1867.0,0,1,0,0,q04h,rdfs,FedX,2
0,,ok,,0,1859.0,1859.0,0,1,0,0,q04h,rdfs,FedX,3
0,,ok,,0,10731.0,10731.0,0,3,0,0,q04i,rdfs,FedX,1
0,,ok,,0,2169.0,2169.0,0,3,0,0,q04i,rdfs,FedX,2
0,,ok,,0,2767.0,2767.0,0,3,0,0,q04i,rdfs,FedX,3
0,,ok,,0,1972.0,1972.0,0,1,0,0,q04j,rdfs,FedX,1
0,,ok,,0,1882.0,1882.0,0,1,0,0,q04j,rdfs,FedX,2
0,,ok,,0,1730.0,1730.0,0,1,0,0,q04j,rdfs,FedX,3
0,,ok,,0,2911.0,2911.0,0,2,0,0,q05a,rdfs,FedX,1
0,,ok,,0,2539.0,2539.0,0,2,0,0,q05a,rdfs,FedX,2
0,,ok,,0,2039.0,2039.0,0,2,0,0,q05a,rdfs,FedX,3
0,,ok,,0,2214.0,2214.0,0,2,0,0,q05b,rdfs,FedX,1
0,,ok,,0,2055.0,2055.0,0,2,0,0,q05b,rdfs,FedX,2
0,,ok,,0,1883.0,1883.0,0,2,0,0,q05b,rdfs,FedX,3
0,,ok,,0,2484.0,2484.0,0,1,0,0,q05c,rdfs,FedX,1
0,,ok,,0,1970.0,1970.0,0,1,0,0,q05c,rdfs,FedX,2
0,,ok,,0,2397.0,2397.0,0,1,0,0,q05c,rdfs,FedX,3
0,,ok,,0,2012.0,2012.0,0,1,0,0,q05d,rdfs,FedX,1
0,,ok,,0,1838.0,1838.0,0,1,0,0,q05d,rdfs,FedX,2
0,,ok,,0,2392.0,2392.0,0,1,0,0,q05d,rdfs,FedX,3
0,,ok,,0,2104.0,2104.0,0,1,0,0,q05e,rdfs,FedX,1
0,,ok,,0,2244.0,2244.0,0,1,0,0,q05e,rdfs,FedX,2
0,,ok,,0,1845.0,1845.0,0,1,0,0,q05e,rdfs,FedX,3
0,,ok,,0,2017.0,2017.0,0,1,0,0,q05f,rdfs,FedX,1
0,,ok,,0,1878.0,1878.0,0,1,0,0,q05f,rdfs,FedX,2
0,,ok,,0,1779.0,1779.0,0,1,0,0,q05f,rdfs,FedX,3
0,,ok,,0,2186.0,2186.0,0,2,0,0,q05g,rdfs,FedX,1
0,,ok,,0,2522.0,2522.0,0,2,0,0,q05g,rdfs,FedX,2
0,,ok,,0,2299.0,2299.0,0,2,0,0,q05g,rdfs,FedX,3
0,,ok,,0,1809.0,1809.0,0,1,0,0,q05h,rdfs,FedX,1
0,,ok,,0,2149.0,2149.0,0,1,0,0,q05h,rdfs,FedX,2
0,,ok,,0,1791.0,1791.0,0,1,0,0,q05h,rdfs,FedX,3
0,,ok,,0,2099.0,2099.0,0,1,0,0,q05i,rdfs,FedX,1
0,,ok,,0,2471.0,2471.0,0,1,0,0,q05i,rdfs,FedX,2
0,,ok,,0,1883.0,1883.0,0,1,0,0,q05i,rdfs,FedX,3
0,,ok,,0,2021.0,2021.0,0,2,0,0,q05j,rdfs,FedX,1
0,,ok,,0,2868.0,2868.0,0,2,0,0,q05j,rdfs,FedX,2
0,,ok,,0,2092.0,2092.0,0,2,0,0,q05j,rdfs,FedX,3
0,,ok,,0,1905.0,1905.0,0,4,0,0,q06a,rdfs,FedX,1
0,,ok,,0,1815.0,1815.0,0,4,0,0,q06a,rdfs,FedX,2
0,,ok,,0,1832.0,1832.0,0,4,0,0,q06a,rdfs,FedX,3
0,,ok,,0,2006.0,2006.0,0,1,0,0,q06b,rdfs,FedX,1
0,,ok,,0,1592.0,1592.0,0,1,0,0,q06b,rdfs,FedX,2
0,,ok,,0,2467.0,2467.0,0,1,0,0,q06b,rdfs,FedX,3
0,,ok,,0,1597.0,1597.0,0,1,0,0,q06c,rdfs,FedX,1
0,,ok,,0,1431.0,1431.0,0,1,0,0,q06c,rdfs,FedX,2
0,,ok,,0,1991.0,1991.0,0,1,0,0,q06c,rdfs,FedX,3
0,,ok,,0,1723.0,1723.0,0,4,0,0,q06d,rdfs,FedX,1
0,,ok,,0,1869.0,1869.0,0,4,0,0,q06d,rdfs,FedX,2
0,,ok,,0,2584.0,2584.0,0,4,0,0,q06d,rdfs,FedX,3
0,,ok,,0,2355.0,2355.0,0,2,0,0,q06e,rdfs,FedX,1
0,,ok,,0,1929.0,1929.0,0,2,0,0,q06e,rdfs,FedX,2
0,,ok,,0,2080.0,2080.0,0,2,0,0,q06e,rdfs,FedX,3
0,,ok,,0,1539.0,1539.0,0,1,0,0,q06f,rdfs,FedX,1
0,,ok,,0,1599.0,1599.0,0,1,0,0,q06f,rdfs,FedX,2
0,,ok,,0,2401.0,2401.0,0,1,0,0,q06f,rdfs,FedX,3
0,,ok,,0,2223.0,2223.0,0,2,0,0,q06g,rdfs,FedX,1
0,,ok,,0,1816.0,1816.0,0,2,0,0,q06g,rdfs,FedX,2
0,,ok,,0,1756.0,1756.0,0,2,0,0,q06g,rdfs,FedX,3
0,,ok,,0,1906.0,1906.0,0,1,0,0,q06h,rdfs,FedX,1
0,,ok,,0,2235.0,2235.0,0,1,0,0,q06h,rdfs,FedX,2
0,,ok,,0,1174.0,1174.0,0,1,0,0,q06h,rdfs,FedX,3
0,,ok,,0,1902.0,1902.0,0,1,0,0,q06i,rdfs,FedX,1
0,,ok,,0,1506.0,1506.0,0,1,0,0,q06i,rdfs,FedX,2
0,,ok,,0,2199.0,2199.0,0,1,0,0,q06i,rdfs,FedX,3
0,,ok,,0,2179.0,2179.0,0,1,0,0,q06j,rdfs,FedX,1
0,,ok,,0,1624.0,1624.0,0,1,0,0,q06j,rdfs,FedX,2
0,,ok,,0,1472.0,1472.0,0,1,0,0,q06j,rdfs,FedX,3
0,,ok,,0,1738.0,1738.0,0,1,0,0,q07a,rdfs,FedX,1
0,,ok,,0,1993.0,1993.0,0,1,0,0,q07a,rdfs,FedX,2
0,,ok,,0,1595.0,1595.0,0,1,0,0,q07a,rdfs,FedX,3
0,,ok,,0,1860.0,1860.0,0,1,0,0,q07b,rdfs,FedX,1
0,,ok,,0,1599.0,1599.0,0,1,0,0,q07b,rdfs,FedX,2
0,,ok,,0,1619.0,1619.0,0,1,0,0,q07b,rdfs,FedX,3
0,,ok,,0,1807.0,1807.0,0,1,0,0,q07c,rdfs,FedX,1
0,,ok,,0,2010.0,2010.0,0,1,0,0,q07c,rdfs,FedX,2
0,,ok,,0,1880.0,1880.0,0,1,0,0,q07c,rdfs,FedX,3
0,,ok,,0,1840.0,1840.0,0,3,0,0,q07d,rdfs,FedX,1
0,,ok,,0,1800.0,1800.0,0,3,0,0,q07d,rdfs,FedX,2
0,,ok,,0,1734.0,1734.0,0,3,0,0,q07d,rdfs,FedX,3
0,,ok,,0,1680.0,1680.0,0,1,0,0,q07e,rdfs,FedX,1
0,,ok,,0,1822.0,1822.0,0,1,0,0,q07e,rdfs,FedX,2
0,,ok,,0,1647.0,1647.0,0,1,0,0,q07e,rdfs,FedX,3
0,,ok,,0,1989.0,1989.0,0,1,0,0,q07f,rdfs,FedX,1
0,,ok,,0,1858.0,1858.0,0,1,0,0,q07f,rdfs,FedX,2
0,,ok,,0,1905.0,1905.0,0,1,0,0,q07f,rdfs,FedX,3
0,,ok,,0,1838.0,1838.0,0,4,0,0,q07g,rdfs,FedX,1
0,,ok,,0,1888.0,1888.0,0,4,0,0,q07g,rdfs,FedX,2
0,,ok,,0,2070.0,2070.0,0,4,0,0,q07g,rdfs,FedX,3
0,,ok,,0,3488.0,3488.0,0,4,0,0,q07h,rdfs,FedX,1
0,,ok,,0,1938.0,1938.0,0,4,0,0,q07h,rdfs,FedX,2
0,,ok,,0,2070.0,2070.0,0,4,0,0,q07h,rdfs,FedX,3
0,,ok,,0,1582.0,1582.0,0,2,0,0,q07i,rdfs,FedX,1
0,,ok,,0,1864.0,1864.0,0,2,0,0,q07i,rdfs,FedX,2
0,,ok,,0,2236.0,2236.0,0,2,0,0,q07i,rdfs,FedX,3
0,,ok,,0,1832.0,1832.0,0,2,0,0,q07j,rdfs,FedX,1
0,,ok,,0,2134.0,2134.0,0,2,0,0,q07j,rdfs,FedX,2
0,,ok,,0,1825.0,1825.0,0,2,0,0,q07j,rdfs,FedX,3
0,,ok,,0,1842.0,1842.0,0,1,0,0,q08a,rdfs,FedX,1
0,,ok,,0,2043.0,2043.0,0,1,0,0,q08a,rdfs,FedX,2
0,,ok,,0,2502.0,2502.0,0,1,0,0,q08a,rdfs,FedX,3
0,,ok,,0,1843.0,1843.0,0,1,0,0,q08b,rdfs,FedX,1
0,,ok,,0,2227.0,2227.0,0,1,0,0,q08b,rdfs,FedX,2
0,,ok,,0,1569.0,1569.0,0,1,0,0,q08b,rdfs,FedX,3
0,,ok,,0,2202.0,2202.0,0,1,0,0,q08c,rdfs,FedX,1
0,,ok,,0,2167.0,2167.0,0,1,0,0,q08c,rdfs,FedX,2
0,,ok,,0,2050.0,2050.0,0,1,0,0,q08c,rdfs,FedX,3
0,,ok,,0,1678.0,1678.0,0,1,0,0,q08d,rdfs,FedX,1
0,,ok,,0,2110.0,2110.0,0,1,0,0,q08d,rdfs,FedX,2
0,,ok,,0,1665.0,1665.0,0,1,0,0,q08d,rdfs,FedX,3
0,,ok,,0,1756.0,1756.0,0,1,0,0,q08e,rdfs,FedX,1
0,,ok,,0,2364.0,2364.0,0,1,0,0,q08e,rdfs,FedX,2
0,,ok,,0,2313.0,2313.0,0,1,0,0,q08e,rdfs,FedX,3
0,,ok,,0,2609.0,2609.0,0,2,0,0,q08f,rdfs,FedX,1
0,,ok,,0,1719.0,1719.0,0,2,0,0,q08f,rdfs,FedX,2
0,,ok,,0,1544.0,1544.0,0,2,0,0,q08f,rdfs,FedX,3
0,,ok,,0,1858.0,1858.0,0,1,0,0,q08g,rdfs,FedX,1
0,,ok,,0,2490.0,2490.0,0,1,0,0,q08g,rdfs,FedX,2
0,,ok,,0,1944.0,1944.0,0,1,0,0,q08g,rdfs,FedX,3
0,,ok,,0,2130.0,2130.0,0,1,0,0,q08h,rdfs,FedX,1
0,,ok,,0,1937.0,1937.0,0,1,0,0,q08h,rdfs,FedX,2
0,,ok,,0,2358.0,2358.0,0,1,0,0,q08h,rdfs,FedX,3
0,,ok,,0,2081.0,2081.0,0,1,0,0,q08i,rdfs,FedX,1
0,,ok,,0,2123.0,2123.0,0,1,0,0,q08i,rdfs,FedX,2
0,,ok,,0,1964.0,1964.0,0,1,0,0,q08i,rdfs,FedX,3
0,,ok,,0,2178.0,2178.0,0,1,0,0,q08j,rdfs,FedX,1
0,,ok,,0,1965.0,1965.0,0,1,0,0,q08j,rdfs,FedX,2
0,,ok,,0,1659.0,1659.0,0,1,0,0,q08j,rdfs,FedX,3
0,,ok,,0,1800.0,1800.0,0,0,0,0,q09a,rdfs,FedX,1
0,,ok,,0,1861.0,1861.0,0,0,0,0,q09a,rdfs,FedX,2
0,,ok,,0,1582.0,1582.0,0,0,0,0,q09a,rdfs,FedX,3
0,,ok,,0,1697.0,1697.0,0,0,0,0,q09b,rdfs,FedX,1
0,,ok,,0,1586.0,1586.0,0,0,0,0,q09b,rdfs,FedX,2
0,,ok,,0,1972.0,1972.0,0,0,0,0,q09b,rdfs,FedX,3
0,,ok,,0,1693.0,1693.0,0,0,0,0,q09c,rdfs,FedX,1
0,,ok,,0,1679.0,1679.0,0,0,0,0,q09c,rdfs,FedX,2
0,,ok,,0,1598.0,1598.0,0,0,0,0,q09c,rdfs,FedX,3
0,,ok,,0,1521.0,1521.0,0,0,0,0,q09d,rdfs,FedX,1
0,,ok,,0,2073.0,2073.0,0,0,0,0,q09d,rdfs,FedX,2
0,,ok,,0,1922.0,1922.0,0,0,0,0,q09d,rdfs,FedX,3
0,,ok,,0,2144.0,2144.0,0,0,0,0,q09e,rdfs,FedX,1
0,,ok,,0,1750.0,1750.0,0,0,0,0,q09e,rdfs,FedX,2
0,,ok,,0,1204.0,1204.0,0,0,0,0,q09e,rdfs,FedX,3
0,,ok,,0,1670.0,1670.0,0,0,0,0,q09f,rdfs,FedX,1
0,,ok,,0,1677.0,1677.0,0,0,0,0,q09f,rdfs,FedX,2
0,,ok,,0,1490.0,1490.0,0,0,0,0,q09f,rdfs,FedX,3
0,,ok,,0,1698.0,1698.0,0,0,0,0,q09g,rdfs,FedX,1
0,,ok,,0,1771.0,1771.0,0,0,0,0,q09g,rdfs,FedX,2
0,,ok,,0,1600.0,1600.0,0,0,0,0,q09g,rdfs,FedX,3
0,,ok,,0,1634.0,1634.0,0,0,0,0,q09h,rdfs,FedX,1
0,,ok,,0,1629.0,1629.0,0,0,0,0,q09h,rdfs,FedX,2
0,,ok,,0,1898.0,1898.0,0,0,0,0,q09h,rdfs,FedX,3
0,,ok,,0,1463.0,1463.0,0,0,0,0,q09i,rdfs,FedX,1
0,,ok,,0,2138.0,2138.0,0,0,0,0,q09i,rdfs,FedX,2
0,,ok,,0,1770.0,1770.0,0,0,0,0,q09i,rdfs,FedX,3
0,,ok,,0,2231.0,2231.0,0,0,0,0,q09j,rdfs,FedX,1
0,,ok,,0,1714.0,1714.0,0,0,0,0,q09j,rdfs,FedX,2
0,,ok,,0,1581.0,1581.0,0,0,0,0,q09j,rdfs,FedX,3
0,,ok,,0,2075.0,2075.0,0,1,0,0,q10a,rdfs,FedX,1
0,,ok,,0,1846.0,1846.0,0,1,0,0,q10a,rdfs,FedX,2
0,,ok,,0,2201.0,2201.0,0,1,0,0,q10a,rdfs,FedX,3
0,,ok,,0,1620.0,1620.0,0,1,0,0,q10b,rdfs,FedX,1
0,,ok,,0,1616.0,1616.0,0,1,0,0,q10b,rdfs,FedX,2
0,,ok,,0,2153.0,2153.0,0,1,0,0,q10b,rdfs,FedX,3
0,,ok,,0,1577.0,1577.0,0,1,0,0,q10c,rdfs,FedX,1
0,,ok,,0,2351.0,2351.0,0,1,0,0,q10c,rdfs,FedX,2
0,,ok,,0,2116.0,2116.0,0,1,0,0,q10c,rdfs,FedX,3
0,,ok,,0,1848.0,1848.0,0,1,0,0,q10d,rdfs,FedX,1
0,,ok,,0,2124.0,2124.0,0,1,0,0,q10d,rdfs,FedX,2
0,,ok,,0,2005.0,2005.0,0,1,0,0,q10d,rdfs,FedX,3
0,,ok,,0,1926.0,1926.0,0,1,0,0,q10e,rdfs,FedX,1
0,,ok,,0,1749.0,1749.0,0,1,0,0,q10e,rdfs,FedX,2
0,,ok,,0,1840.0,1840.0,0,1,0,0,q10e,rdfs,FedX,3
0,,ok,,0,2368.0,2368.0,0,1,0,0,q10f,rdfs,FedX,1
0,,ok,,0,1592.0,1592.0,0,1,0,0,q10f,rdfs,FedX,2
0,,ok,,0,2291.0,2291.0,0,1,0,0,q10f,rdfs,FedX,3
0,,ok,,0,1805.0,1805.0,0,1,0,0,q10g,rdfs,FedX,1
0,,ok,,0,1883.0,1883.0,0,1,0,0,q10g,rdfs,FedX,2
0,,ok,,0,2077.0,2077.0,0,1,0,0,q10g,rdfs,FedX,3
0,,ok,,0,2180.0,2180.0,0,1,0,0,q10h,rdfs,FedX,1
0,,ok,,0,2027.0,2027.0,0,1,0,0,q10h,rdfs,FedX,2
0,,ok,,0,2156.0,2156.0,0,1,0,0,q10h,rdfs,FedX,3
0,,ok,,0,1902.0,1902.0,0,1,0,0,q10i,rdfs,FedX,1
0,,ok,,0,1764.0,1764.0,0,1,0,0,q10i,rdfs,FedX,2
0,,ok,,0,1865.0,1865.0,0,1,0,0,q10i,rdfs,FedX,3
0,,ok,,0,2557.0,2557.0,0,1,0,0,q10j,rdfs,FedX,1
0,,ok,,0,1735.0,1735.0,0,1,0,0,q10j,rdfs,FedX,2
0,,ok,,0,2862.0,2862.0,0,1,0,0,q10j,rdfs,FedX,3
0,,ok,,0,1812.0,1812.0,0,0,0,0,q11a,rdfs,FedX,1
0,,ok,,0,2029.0,2029.0,0,0,0,0,q11a,rdfs,FedX,2
0,,ok,,0,1984.0,1984.0,0,0,0,0,q11a,rdfs,FedX,3
0,,ok,,0,1654.0,1654.0,0,0,0,0,q11b,rdfs,FedX,1
0,,ok,,0,1781.0,1781.0,0,0,0,0,q11b,rdfs,FedX,2
0,,ok,,0,1773.0,1773.0,0,0,0,0,q11b,rdfs,FedX,3
0,,ok,,0,1846.0,1846.0,0,0,0,0,q11c,rdfs,FedX,1
0,,ok,,0,1661.0,1661.0,0,0,0,0,q11c,rdfs,FedX,2
0,,ok,,0,1649.0,1649.0,0,0,0,0,q11c,rdfs,FedX,3
0,,ok,,0,1958.0,1958.0,0,0,0,0,q11d,rdfs,FedX,1
0,,ok,,0,1683.0,1683.0,0,0,0,0,q11d,rdfs,FedX,2
0,,ok,,0,1909.0,1909.0,0,0,0,0,q11d,rdfs,FedX,3
0,,ok,,0,1741.0,1741.0,0,0,0,0,q11e,rdfs,FedX,1
0,,ok,,0,1736.0,1736.0,0,0,0,0,q11e,rdfs,FedX,2
0,,ok,,0,1731.0,1731.0,0,0,0,0,q11e,rdfs,FedX,3
0,,ok,,0,1882.0,1882.0,0,0,0,0,q11f,rdfs,FedX,1
0,,ok,,0,1874.0,1874.0,0,0,0,0,q11f,rdfs,FedX,2
0,,ok,,0,1734.0,1734.0,0,0,0,0,q11f,rdfs,FedX,3
0,,ok,,0,1862.0,1862.0,0,0,0,0,q11g,rdfs,FedX,1
0,,ok,,0,1528.0,1528.0,0,0,0,0,q11g,rdfs,FedX,2
0,,ok,,0,1420.0,1420.0,0,0,0,0,q11g,rdfs,FedX,3
0,,ok,,0,2047.0,2047.0,0,0,0,0,q11h,rdfs,FedX,1
0,,ok,,0,1689.0,1689.0,0,0,0,0,q11h,rdfs,FedX,2
0,,ok,,0,1470.0,1470.0,0,0,0,0,q11h,rdfs,FedX,3
0,,ok,,0,1526.0,1526.0,0,0,0,0,q11i,rdfs,FedX,1
0,,ok,,0,1830.0,1830.0,0,0,0,0,q11i,rdfs,FedX,2
0,,ok,,0,1606.0,1606.0,0,0,0,0,q11i,rdfs,FedX,3
0,,ok,,0,1654.0,1654.0,0,0,0,0,q11j,rdfs,FedX,1
0,,ok,,0,1653.0,1653.0,0,0,0,0,q11j,rdfs,FedX,2
0,,ok,,0,1484.0,1484.0,0,0,0,0,q11j,rdfs,FedX,3
0,,ok,,0,1701.0,1701.0,0,0,0,0,q12a,rdfs,FedX,1
0,,ok,,0,1728.0,1728.0,0,0,0,0,q12a,rdfs,FedX,2
0,,ok,,0,1734.0,1734.0,0,0,0,0,q12a,rdfs,FedX,3
0,,ok,,0,1554.0,1554.0,0,0,0,0,q12b,rdfs,FedX,1
0,,ok,,0,1807.0,1807.0,0,0,0,0,q12b,rdfs,FedX,2
0,,ok,,0,1862.0,1862.0,0,0,0,0,q12b,rdfs,FedX,3
0,,ok,,0,1055.0,1055.0,0,0,0,0,q12c,rdfs,FedX,1
0,,ok,,0,1679.0,1679.0,0,0,0,0,q12c,rdfs,FedX,2
0,,ok,,0,1645.0,1645.0,0,0,0,0,q12c,rdfs,FedX,3
0,,ok,,0,1727.0,1727.0,0,0,0,0,q12d,rdfs,FedX,1
0,,ok,,0,1736.0,1736.0,0,0,0,0,q12d,rdfs,FedX,2
0,,ok,,0,2735.0,2735.0,0,0,0,0,q12d,rdfs,FedX,3
0,,ok,,0,2107.0,2107.0,0,0,0,0,q12e,rdfs,FedX,1
0,,ok,,0,1420.0,1420.0,0,0,0,0,q12e,rdfs,FedX,2
0,,ok,,0,1828.0,1828.0,0,0,0,0,q12e,rdfs,FedX,3
0,,ok,,0,1805.0,1805.0,0,0,0,0,q12f,rdfs,FedX,1
0,,ok,,0,1872.0,1872.0,0,0,0,0,q12f,rdfs,FedX,2
0,,ok,,0,1928.0,1928.0,0,0,0,0,q12f,rdfs,FedX,3
0,,ok,,0,1932.0,1932.0,0,0,0,0,q12g,rdfs,FedX,1
0,,ok,,0,2062.0,2062.0,0,0,0,0,q12g,rdfs,FedX,2
0,,ok,,0,2040.0,2040.0,0,0,0,0,q12g,rdfs,FedX,3
0,,ok,,0,2147.0,2147.0,0,0,0,0,q12h,rdfs,FedX,1
0,,ok,,0,1513.0,1513.0,0,0,0,0,q12h,rdfs,FedX,2
0,,ok,,0,2385.0,2385.0,0,0,0,0,q12h,rdfs,FedX,3
0,,ok,,0,2005.0,2005.0,0,0,0,0,q12i,rdfs,FedX,1
0,,ok,,0,1533.0,1533.0,0,0,0,0,q12i,rdfs,FedX,2
0,,ok,,0,1844.0,1844.0,0,0,0,0,q12i,rdfs,FedX,3
0,,ok,,0,1646.0,1646.0,0,0,0,0,q12j,rdfs,FedX,1
0,,ok,,0,1855.0,1855.0,0,0,0,0,q12j,rdfs,FedX,2
0,,ok,,0,1565.0,1565.0,0,0,0,0,q12j,rdfs,FedX,3
